<?xml version="1.0" encoding="UTF-8" ?>
<!DOCTYPE configuration
        PUBLIC "-//mybatis.org//DTD Config 3.0//EN"
        "https://mybatis.org/dtd/mybatis-3-config.dtd">
<configuration>
    <settings>
        <setting name="mapUnderscoreToCamelCase" value="true"/>
    </settings>

    <typeAliases>
        <typeAlias alias="indexChartDTO" type="com.hnpl.datalab.demo.index.chart.IndexChartDTO"/>
        <typeAlias alias="ratioDto" type="com.hnpl.datalab.demo.ratio.RatioDto"/>
        <typeAlias alias="chartDto" type="com.hnpl.datalab.demo.chart.ChartDto"/>
    </typeAliases>
</configuration>