<?xml version="1.0" encoding="UTF-8" ?>
<!DOCTYPE mapper
        PUBLIC "-//mybatis.org//DTD Mapper 3.0//EN"
        "https://mybatis.org/dtd/mybatis-3-mapper.dtd">
<mapper namespace="com.green.shop.member.mapper.MemberMapper">
    <insert id="insertMember" parameterType="MemberDto" useGeneratedKeys="true" keyProperty="memberId" keyColumn="member_id">
        INSERT INTO member(id, password, name, email, address,role,oauth)
        VALUES (#{id},#{password},#{name},#{email},#{address},#{role},#{oAuth})

    </insert>

    <!-- 중복 아이디 검색-->
    <select id="overlapId" resultType="memberDto" parameterType="String">
        SELECT  member_id, id, email
        FROM member
        WHERE id = #{id}
    </select>

    <!-- 중복 이메일 검색-->
    <select id="overlapEmail" resultType="memberDto" parameterType="String">
        SELECT  member_id, id, email
        FROM member
        WHERE email = #{email}
    </select>

    <!--로그인-->
    <select id="loginMember" resultType="memberDto" parameterType="String">
        SELECT member_id, id , password , name, email, address, role
        FROM member
        WHERE id=#{id}
    </select>

    <!--로그인 아이디로 memberId 찾기 -->
    <select id="findMemberId" resultType="Long">
        SELECT member_id
        FROM member
        WHERE id=#{id}
    </select>
</mapper>