<?xml version="1.0" encoding="UTF-8" ?>
<!DOCTYPE mapper
        PUBLIC "-//mybatis.org//DTD Mapper 3.0//EN"
        "https://mybatis.org/dtd/mybatis-3-mapper.dtd">

<!--현재 작성중인 mapper가 어떤 mapper Interface와 관련되었는지 표시 -->
<mapper namespace="com.example.quiz.mapper.QuizMapper">
    <!-- keyColumn: DB에서 자동으로 생성된 키의 열 이름을 지정
        keyProperty: 자동으로 생성된 키를 매핑할 객체(dto)의 속성 이름을 지정
        useGeneratedKeys="true": keyProperty에 지정된 속성에 자동으로 생성된 키가 할당
    -->
    <insert id="addQuiz" parameterType="quizDto" useGeneratedKeys="true" keyProperty="id" keyColumn="id"> <!--이름 같아야해 -->
        INSERT INTO quiz(question, answer, author)
        VALUES (#{question}, #{answer}, #{author})
    </insert>
    <!-- 모든데이터-->
    <select id="listAll" resultType="quizDto">
        SELECT id, question, answer, author
        FROM quiz

    </select>

    <!-- 퀴즈를 한건씩 검색하기(findQuiz) -->
    <select id="findQuiz" resultType="quizDto">
        SELECT id, question, answer, author
        FROM quiz
        WHERE id=#{id} <!--생략하면 알아서 매칭해줌 -->
    </select>

    <!--퀴즈 변경하기 changeQuiz-->
    <update id="changeQuiz" parameterType="quizDto">
    UPDATE quiz
    <!--id는 기본키고 , 우리가 정한게 아니라 바꿀수없어-->
    SET question=#{question}, answer=#{answer}, author=#{author}
    WHERE id=#{id}
    </update>

    <!-- 퀴즈 삭제하기(한 건씩 삭제) (removeQuiz) -->
    <delete id="removeQuiz">
        DELETE FROM quiz
        WHERE id=#{id}
    </delete>

    <!-- 게임 진행을 위해서 랜덤으로 1건을 추출   -->
    <select id="randomQuiz" resultType="quizDto">
        SELECT id, question, answer, author
        FROM quiz
        ORDER BY rand()
        limit 1
    </select>
    <!-- 전체내용 지우기-->
    <delete id="removeAll">
        DELETE FROM quiz
    </delete>

    <!--퀴즈 정답 확인하기-->
    <select id="playQuiz" parameterType="Map" resultType="boolean">
        <!--이번에는  dto로 전부다 받는거 말고 맵으로 id와 answer만 받아와 -->
        <!-- resultType="boolean" => 1 or 0으로 나오기 떄문에 불린으로 받아  -->
        SELECT IF(count(*)=1, 1, 0)
        FROM quiz
        WHERE ID=#{id} AND answer=#{answer};

    </select>

</mapper>
